/*
Navicat MySQL Data Transfer

Source Server         : 本地
Source Server Version : 50527
Source Host           : localhost:3306
Source Database       : manage

Target Server Type    : MYSQL
Target Server Version : 50527
File Encoding         : 65001

Date: 2018-03-14 23:02:38
*/

SET FOREIGN_KEY_CHECKS=0;

-- ----------------------------
-- Table structure for manage_admin
-- ----------------------------
DROP TABLE IF EXISTS `manage_admin`;
CREATE TABLE `manage_admin` (
  `uuid` char(32) NOT NULL DEFAULT '',
  `username` varchar(20) NOT NULL DEFAULT '' COMMENT '用户名',
  `password` char(60) NOT NULL DEFAULT '' COMMENT '密码',
  `salt` char(32) NOT NULL DEFAULT '' COMMENT '盐值',
  `issalt` enum('0','1') NOT NULL DEFAULT '1' COMMENT '密码是否加盐',
  `createdby` char(32) NOT NULL DEFAULT '',
  `createdtime` int(10) unsigned NOT NULL DEFAULT '0',
  `updatedby` char(32) NOT NULL DEFAULT '',
  `updatedtime` int(10) unsigned NOT NULL DEFAULT '0',
  `status` enum('-7','0','1') NOT NULL DEFAULT '1' COMMENT '状态',
  `intro` varchar(300) NOT NULL DEFAULT '' COMMENT '自我介绍',
  `avatar` varchar(120) NOT NULL DEFAULT '' COMMENT '头像地址',
  `email` varchar(60) NOT NULL DEFAULT '',
  `phone` char(11) NOT NULL DEFAULT '',
  PRIMARY KEY (`uuid`),
  KEY `username` (`username`),
  KEY `createdby` (`createdby`),
  KEY `updatedby` (`updatedby`),
  KEY `status` (`status`)
) ENGINE=InnoDB DEFAULT CHARSET=utf8;

-- ----------------------------
-- Records of manage_admin
-- ----------------------------
INSERT INTO `manage_admin` VALUES ('4203A4F8837C1B66C201F9C230F8E3D1', 'SuperAdmin', '$2y$10$/6Au4gChlPl1/FVJ7vN.9uKyVdlyY9q1m545I1kWJbWklECWqoVf6', '7EBA2734945D38AA662B65B670197A46', '1', '1.', '1520944822', '', '0', '1', '超级管理员', '', 'zgsself@163.com', '15565656196');
INSERT INTO `manage_admin` VALUES ('747F96E2333DC9B3965486ED8563D5A6', 'bokeAdmin', '$2y$10$/7GmnAG8NEtKgnEDofgIZe324UazmLgV/Xie3c.d3GSg8R0Qp2sIO', '04080C3FE55C7CF87253ECCD075B9707', '1', '4203A4F8837C1B66C201F9C230F8E3D1', '1521022664', '4203A4F8837C1B66C201F9C230F8E3D1', '1521036580', '1', '', '', 'zgs5999@163.com', '');

-- ----------------------------
-- Table structure for manage_mode
-- ----------------------------
DROP TABLE IF EXISTS `manage_mode`;
CREATE TABLE `manage_mode` (
  `uuid` char(32) NOT NULL DEFAULT '',
  `name` varchar(60) NOT NULL DEFAULT '',
  `createdby` char(32) NOT NULL DEFAULT '',
  `createdtime` int(10) unsigned NOT NULL DEFAULT '0',
  `updatedby` char(32) NOT NULL DEFAULT '',
  `updatedtime` int(10) unsigned NOT NULL DEFAULT '0',
  `desc` varchar(300) NOT NULL DEFAULT '',
  `status` enum('-7','0','1') NOT NULL DEFAULT '1',
  PRIMARY KEY (`uuid`),
  KEY `createdby` (`createdby`),
  KEY `updatedby` (`updatedby`)
) ENGINE=InnoDB DEFAULT CHARSET=utf8;

-- ----------------------------
-- Records of manage_mode
-- ----------------------------
INSERT INTO `manage_mode` VALUES ('02A21F22EEEFD0EFE04AB723CE6F4819', 'Token限制', '18B24A268E64969B26CB6F0C1BC12E54', '1520906096', '', '0', '对携带合法token的用户开放', '1');
INSERT INTO `manage_mode` VALUES ('2062AC0A2E111F6AB8F0B62003209322', '最高限制', '50EA79FD5D3949499FCD24BDADE2B343', '1520930784', '50EA79FD5D3949499FCD24BDADE2B343', '1520930896', '只有特定用户可访问', '1');
INSERT INTO `manage_mode` VALUES ('7EBC742C8C4F95898DB11977B3D05ADD', '登陆限制', '18B24A268E64969B26CB6F0C1BC12E54', '1520852237', '', '0', '验证客户端是否携带登录信息', '0');
INSERT INTO `manage_mode` VALUES ('804E67719FDE0F5F9180E9EB596B0042', '登陆Token限制', '18B24A268E64969B26CB6F0C1BC12E54', '1520906604', '', '0', '对携带合法Token的登陆用户开放', '1');
INSERT INTO `manage_mode` VALUES ('9C36A9607B71E2778A4A0114D39425FF', '登陆限制', '18B24A268E64969B26CB6F0C1BC12E54', '1520919120', '', '0', '对登陆的用户开放', '1');
INSERT INTO `manage_mode` VALUES ('F71BF4F5D91A1462651C54E90B041B07', '权限限制', '18B24A268E64969B26CB6F0C1BC12E54', '1520929916', '', '0', '都具有权限的用户开放', '1');

-- ----------------------------
-- Table structure for manage_privilege
-- ----------------------------
DROP TABLE IF EXISTS `manage_privilege`;
CREATE TABLE `manage_privilege` (
  `uuid` char(32) NOT NULL DEFAULT '' COMMENT '主键id',
  `name` varchar(30) NOT NULL DEFAULT '' COMMENT '权限名称',
  `route` varchar(60) NOT NULL DEFAULT '' COMMENT '路由名称',
  `status` enum('-7','0','1') NOT NULL DEFAULT '1' COMMENT '当前状态 1.征程 0. 关闭 -7.软删除',
  `alias` varchar(60) NOT NULL DEFAULT '' COMMENT '别名',
  `createdby` char(32) NOT NULL DEFAULT '' COMMENT '创建操作者id',
  `createdtime` int(10) unsigned NOT NULL DEFAULT '0' COMMENT '创建时间',
  `updatedby` char(32) NOT NULL DEFAULT '' COMMENT '更新操作者id',
  `updatedtime` int(10) unsigned NOT NULL DEFAULT '0' COMMENT '更新时间',
  `module` varchar(30) NOT NULL DEFAULT '' COMMENT '模块',
  `controller` varchar(30) NOT NULL DEFAULT '' COMMENT '控制器',
  `action` varchar(30) NOT NULL DEFAULT '' COMMENT '方法',
  `mode` char(32) NOT NULL DEFAULT '' COMMENT '模式id',
  `pid` char(32) NOT NULL DEFAULT '' COMMENT '父级id',
  `type` enum('9','1') NOT NULL DEFAULT '1' COMMENT '1.web 9.api',
  `style` tinyint(3) unsigned NOT NULL DEFAULT '7' COMMENT '0.禁止显示1.侧边显示2.授权显示3.侧边、授权4.父级显示5.侧边父级6.授权、父级7.无限制',
  PRIMARY KEY (`uuid`),
  KEY `status` (`status`),
  KEY `createdby` (`createdby`),
  KEY `updatedby` (`updatedby`),
  KEY `mode` (`mode`),
  KEY `route` (`route`),
  KEY `pid` (`pid`),
  KEY `type` (`type`),
  KEY `style` (`style`)
) ENGINE=InnoDB DEFAULT CHARSET=utf8;

-- ----------------------------
-- Records of manage_privilege
-- ----------------------------
INSERT INTO `manage_privilege` VALUES ('0855673C73F47EDAB848B9FC76987542', '角色修改', 'role-update', '1', '', '18B24A268E64969B26CB6F0C1BC12E54', '1520927694', '50EA79FD5D3949499FCD24BDADE2B343', '1520952626', '', '', '', '9C36A9607B71E2778A4A0114D39425FF', '8F3A606D08EC473769630CD322629671', '1', '6');
INSERT INTO `manage_privilege` VALUES ('10498EE92A1C6A47850C4EC2CF83595B', '模式管理', 'mode-index', '1', '', '18B24A268E64969B26CB6F0C1BC12E54', '1520946622', '50EA79FD5D3949499FCD24BDADE2B343', '1520988572', '', '', '', '9C36A9607B71E2778A4A0114D39425FF', '679FDD7F05B0E639ADF9DB6E23711D6A', '1', '7');
INSERT INTO `manage_privilege` VALUES ('1E8B105D347A11381E6F0A47DA0ABAF0', '模式添加', 'mode-create', '1', '', '18B24A268E64969B26CB6F0C1BC12E54', '1520946649', '50EA79FD5D3949499FCD24BDADE2B343', '1520988576', '', '', '', '9C36A9607B71E2778A4A0114D39425FF', '679FDD7F05B0E639ADF9DB6E23711D6A', '1', '7');
INSERT INTO `manage_privilege` VALUES ('27B5680DA6D86D7C140BA5FFBCA6836C', '用户管理', 'admin-index', '1', '', '18B24A268E64969B26CB6F0C1BC12E54', '1520927835', '50EA79FD5D3949499FCD24BDADE2B343', '1520988536', '', '', '', '9C36A9607B71E2778A4A0114D39425FF', 'D6B76ED3E2E7E0976B798FC2036DAF77', '1', '7');
INSERT INTO `manage_privilege` VALUES ('679FDD7F05B0E639ADF9DB6E23711D6A', 'Modes', '-', '1', '', '18B24A268E64969B26CB6F0C1BC12E54', '1520952350', '50EA79FD5D3949499FCD24BDADE2B343', '1520988568', '', '', '', '9C36A9607B71E2778A4A0114D39425FF', '', '1', '7');
INSERT INTO `manage_privilege` VALUES ('68194F973A97C4B771606487A77C4062', '角色删除', 'role-delete', '1', '', '18B24A268E64969B26CB6F0C1BC12E54', '1520927674', '50EA79FD5D3949499FCD24BDADE2B343', '1520952600', '', '', '', '9C36A9607B71E2778A4A0114D39425FF', '8F3A606D08EC473769630CD322629671', '1', '6');
INSERT INTO `manage_privilege` VALUES ('79B0CBBE8FA99B83F41A910951975C47', '模式修改', 'mode-delete', '1', '', '18B24A268E64969B26CB6F0C1BC12E54', '1520946688', '50EA79FD5D3949499FCD24BDADE2B343', '1520952713', '', '', '', '9C36A9607B71E2778A4A0114D39425FF', '679FDD7F05B0E639ADF9DB6E23711D6A', '1', '6');
INSERT INTO `manage_privilege` VALUES ('838F3FB7668F82437B25B249013749A6', '角色管理', 'role-index', '1', '', '18B24A268E64969B26CB6F0C1BC12E54', '1520919593', '50EA79FD5D3949499FCD24BDADE2B343', '1520988492', '', '', '', '9C36A9607B71E2778A4A0114D39425FF', '8F3A606D08EC473769630CD322629671', '1', '7');
INSERT INTO `manage_privilege` VALUES ('8F3A606D08EC473769630CD322629671', 'Roles', '-', '1', '', '18B24A268E64969B26CB6F0C1BC12E54', '1520952176', '50EA79FD5D3949499FCD24BDADE2B343', '1520988484', '', '', '', '9C36A9607B71E2778A4A0114D39425FF', '', '1', '7');
INSERT INTO `manage_privilege` VALUES ('9CF683EC12F4B76839323C95060D6F2B', '用户添加', 'admin-create', '1', '', '18B24A268E64969B26CB6F0C1BC12E54', '1520927862', '50EA79FD5D3949499FCD24BDADE2B343', '1520988543', '', '', '', '9C36A9607B71E2778A4A0114D39425FF', 'D6B76ED3E2E7E0976B798FC2036DAF77', '1', '7');
INSERT INTO `manage_privilege` VALUES ('9DFD5C77E30048D91CD2DC4F60C9F5E7', '权限修改', 'privilege-update', '1', '', '18B24A268E64969B26CB6F0C1BC12E54', '1520919518', '50EA79FD5D3949499FCD24BDADE2B343', '1520952477', '', '', '', '9C36A9607B71E2778A4A0114D39425FF', 'B5CAC144F4A5A2789D33B99E596A9B8A', '1', '6');
INSERT INTO `manage_privilege` VALUES ('A615F5B3F06CA166CF27736345B3651E', '权限添加', 'privilege-create', '1', '', '18B24A268E64969B26CB6F0C1BC12E54', '1520919452', '50EA79FD5D3949499FCD24BDADE2B343', '1520988472', '', '', '', '9C36A9607B71E2778A4A0114D39425FF', 'B5CAC144F4A5A2789D33B99E596A9B8A', '1', '7');
INSERT INTO `manage_privilege` VALUES ('B5CAC144F4A5A2789D33B99E596A9B8A', 'Privileges', '-', '1', '', '18B24A268E64969B26CB6F0C1BC12E54', '1520952076', '50EA79FD5D3949499FCD24BDADE2B343', '1520988453', '', '', '', '9C36A9607B71E2778A4A0114D39425FF', '', '1', '7');
INSERT INTO `manage_privilege` VALUES ('D6B76ED3E2E7E0976B798FC2036DAF77', 'Admins', '-', '1', '', '18B24A268E64969B26CB6F0C1BC12E54', '1520952227', '50EA79FD5D3949499FCD24BDADE2B343', '1520988529', '', '', '', '9C36A9607B71E2778A4A0114D39425FF', '', '1', '7');
INSERT INTO `manage_privilege` VALUES ('DA4AED818A55B78FFF833BF790F8483E', '用户修改', 'admin-update', '1', '', '18B24A268E64969B26CB6F0C1BC12E54', '1520927881', '50EA79FD5D3949499FCD24BDADE2B343', '1520952785', '', '', '', '9C36A9607B71E2778A4A0114D39425FF', 'D6B76ED3E2E7E0976B798FC2036DAF77', '1', '6');
INSERT INTO `manage_privilege` VALUES ('DFF38845493750EE8CA4F871FA4F0B37', '模式修改', 'mode-update', '1', '', '18B24A268E64969B26CB6F0C1BC12E54', '1520946704', '50EA79FD5D3949499FCD24BDADE2B343', '1520952725', '', '', '', '9C36A9607B71E2778A4A0114D39425FF', '679FDD7F05B0E639ADF9DB6E23711D6A', '1', '6');
INSERT INTO `manage_privilege` VALUES ('E16D93ED6A0304D6C147780BDC737F00', '角色添加', 'role-create', '1', '', '18B24A268E64969B26CB6F0C1BC12E54', '1520927517', '50EA79FD5D3949499FCD24BDADE2B343', '1520988501', '', '', '', '9C36A9607B71E2778A4A0114D39425FF', '8F3A606D08EC473769630CD322629671', '1', '7');
INSERT INTO `manage_privilege` VALUES ('F1ED6CD5A4B444DC7E1DEFFBA6455462', '用户删除', 'admin-delete', '1', '', '18B24A268E64969B26CB6F0C1BC12E54', '1520927900', '50EA79FD5D3949499FCD24BDADE2B343', '1520952801', '', '', '', '9C36A9607B71E2778A4A0114D39425FF', 'D6B76ED3E2E7E0976B798FC2036DAF77', '1', '6');
INSERT INTO `manage_privilege` VALUES ('F2EA09775BEE036DF9ABB6643A4359AF', '权限管理', 'privilege-index', '1', '', '18B24A268E64969B26CB6F0C1BC12E54', '1520919390', '50EA79FD5D3949499FCD24BDADE2B343', '1520988460', '', '', '', '9C36A9607B71E2778A4A0114D39425FF', 'B5CAC144F4A5A2789D33B99E596A9B8A', '1', '7');
INSERT INTO `manage_privilege` VALUES ('F359D59C2CD64C84EDB4737272CC7BE9', '权限删除', 'privilege-delete', '1', '', '18B24A268E64969B26CB6F0C1BC12E54', '1520919551', '50EA79FD5D3949499FCD24BDADE2B343', '1520952517', '', '', '', '9C36A9607B71E2778A4A0114D39425FF', 'B5CAC144F4A5A2789D33B99E596A9B8A', '1', '6');

-- ----------------------------
-- Table structure for manage_relation1
-- ----------------------------
DROP TABLE IF EXISTS `manage_relation1`;
CREATE TABLE `manage_relation1` (
  `auuid` char(32) NOT NULL DEFAULT '',
  `ruuid` char(32) NOT NULL DEFAULT '',
  KEY `auuid` (`auuid`),
  KEY `ruuid` (`ruuid`)
) ENGINE=InnoDB DEFAULT CHARSET=utf8;

-- ----------------------------
-- Records of manage_relation1
-- ----------------------------

-- ----------------------------
-- Table structure for manage_relation2
-- ----------------------------
DROP TABLE IF EXISTS `manage_relation2`;
CREATE TABLE `manage_relation2` (
  `puuid` char(32) NOT NULL DEFAULT '',
  `ruuid` char(32) NOT NULL DEFAULT '',
  KEY `puuid` (`puuid`),
  KEY `ruuid` (`ruuid`)
) ENGINE=InnoDB DEFAULT CHARSET=utf8;

-- ----------------------------
-- Records of manage_relation2
-- ----------------------------
INSERT INTO `manage_relation2` VALUES ('B5CAC144F4A5A2789D33B99E596A9B8A', '460068DD503C78CFD1179587C853A358');
INSERT INTO `manage_relation2` VALUES ('9DFD5C77E30048D91CD2DC4F60C9F5E7', '460068DD503C78CFD1179587C853A358');
INSERT INTO `manage_relation2` VALUES ('A615F5B3F06CA166CF27736345B3651E', '460068DD503C78CFD1179587C853A358');
INSERT INTO `manage_relation2` VALUES ('F2EA09775BEE036DF9ABB6643A4359AF', '460068DD503C78CFD1179587C853A358');
INSERT INTO `manage_relation2` VALUES ('F359D59C2CD64C84EDB4737272CC7BE9', '460068DD503C78CFD1179587C853A358');
INSERT INTO `manage_relation2` VALUES ('679FDD7F05B0E639ADF9DB6E23711D6A', 'BE0CAEE9978ED66D73BBE41E35483788');
INSERT INTO `manage_relation2` VALUES ('10498EE92A1C6A47850C4EC2CF83595B', 'BE0CAEE9978ED66D73BBE41E35483788');
INSERT INTO `manage_relation2` VALUES ('1E8B105D347A11381E6F0A47DA0ABAF0', 'BE0CAEE9978ED66D73BBE41E35483788');
INSERT INTO `manage_relation2` VALUES ('79B0CBBE8FA99B83F41A910951975C47', 'BE0CAEE9978ED66D73BBE41E35483788');
INSERT INTO `manage_relation2` VALUES ('DFF38845493750EE8CA4F871FA4F0B37', 'BE0CAEE9978ED66D73BBE41E35483788');
INSERT INTO `manage_relation2` VALUES ('8F3A606D08EC473769630CD322629671', 'F436ED5FCE66283084E7EDE0B3D1618D');
INSERT INTO `manage_relation2` VALUES ('0855673C73F47EDAB848B9FC76987542', 'F436ED5FCE66283084E7EDE0B3D1618D');
INSERT INTO `manage_relation2` VALUES ('68194F973A97C4B771606487A77C4062', 'F436ED5FCE66283084E7EDE0B3D1618D');
INSERT INTO `manage_relation2` VALUES ('838F3FB7668F82437B25B249013749A6', 'F436ED5FCE66283084E7EDE0B3D1618D');
INSERT INTO `manage_relation2` VALUES ('E16D93ED6A0304D6C147780BDC737F00', 'F436ED5FCE66283084E7EDE0B3D1618D');
INSERT INTO `manage_relation2` VALUES ('D6B76ED3E2E7E0976B798FC2036DAF77', '3744EE12AF9279061C3C8A4094DAE87C');
INSERT INTO `manage_relation2` VALUES ('27B5680DA6D86D7C140BA5FFBCA6836C', '3744EE12AF9279061C3C8A4094DAE87C');
INSERT INTO `manage_relation2` VALUES ('9CF683EC12F4B76839323C95060D6F2B', '3744EE12AF9279061C3C8A4094DAE87C');
INSERT INTO `manage_relation2` VALUES ('DA4AED818A55B78FFF833BF790F8483E', '3744EE12AF9279061C3C8A4094DAE87C');
INSERT INTO `manage_relation2` VALUES ('F1ED6CD5A4B444DC7E1DEFFBA6455462', '3744EE12AF9279061C3C8A4094DAE87C');

-- ----------------------------
-- Table structure for manage_role
-- ----------------------------
DROP TABLE IF EXISTS `manage_role`;
CREATE TABLE `manage_role` (
  `uuid` char(32) NOT NULL DEFAULT '',
  `name` varchar(60) NOT NULL DEFAULT '',
  `sign` varchar(60) NOT NULL DEFAULT '' COMMENT '标识',
  `status` enum('-7','0','1') NOT NULL DEFAULT '1' COMMENT '状态',
  `createdby` char(32) NOT NULL DEFAULT '' COMMENT '创建者id',
  `createdtime` int(10) unsigned NOT NULL DEFAULT '0',
  `updatedby` char(32) NOT NULL DEFAULT '',
  `updatedtime` int(10) unsigned NOT NULL DEFAULT '0',
  `desc` varchar(300) NOT NULL DEFAULT '' COMMENT '介绍',
  PRIMARY KEY (`uuid`)
) ENGINE=InnoDB DEFAULT CHARSET=utf8;

-- ----------------------------
-- Records of manage_role
-- ----------------------------
INSERT INTO `manage_role` VALUES ('3744EE12AF9279061C3C8A4094DAE87C', '用户管理员', 'adminManage', '1', '4203A4F8837C1B66C201F9C230F8E3D1', '1521016904', '', '0', '');
INSERT INTO `manage_role` VALUES ('460068DD503C78CFD1179587C853A358', '权限管理员', 'privilegeManage', '1', '4203A4F8837C1B66C201F9C230F8E3D1', '1521011071', '4203A4F8837C1B66C201F9C230F8E3D1', '1521015179', '针对于权限进行管理');
INSERT INTO `manage_role` VALUES ('BE0CAEE9978ED66D73BBE41E35483788', '模式管理员', 'modeManage', '1', '4203A4F8837C1B66C201F9C230F8E3D1', '1521015278', '4203A4F8837C1B66C201F9C230F8E3D1', '1521015289', '只对于模式进行管理');
INSERT INTO `manage_role` VALUES ('F436ED5FCE66283084E7EDE0B3D1618D', '角色管理员', 'roleManage', '1', '4203A4F8837C1B66C201F9C230F8E3D1', '1521016472', '4203A4F8837C1B66C201F9C230F8E3D1', '1521016507', '针对于角色进行管理');
